USE mySeamlessSchedule;

# Stage Faculty Advisors
INSERT INTO advisor (advisorID, fname, lname, email) 
	VALUES	('0', 'Lisa', 'Lancor', 'lancorl1@southernct.edu'), 
			('1', 'Hrvoje', 'Podnar', 'podnarh1@southernct.edu'),
			('2', 'Amal', 'Abd El-Raouf', 'abdelraoufa1@southernct.edu');

# Stage Programs
INSERT INTO program 
	VALUES	('Computer Science, M.S. - Cybersecurity', 'Computer Science', 'Graduate'),
			('Computer Science, M.S. - Software Development', 'Computer Science', 'Graduate'),
			('Computer Science, B.S. - General', 'Computer Science', 'Undergraduate'),
			('Computer Science, B.S. - Information Systems', 'Computer Science', 'Undergraduate'),
            ('Breadth', 'Computer Science', 'Graduate');

-- # Stage Program Requirements: Computer Science, M.S. - Cybersecurity
INSERT INTO program_reqs 
	VALUES 	('CSC','540','Database System', 'C', 'Core', 'Computer Science, M.S. - Cybersecurity'),
			('CSC','543','Web Programming', 'C', 'Core', 'Computer Science, M.S. - Cybersecurity'),
			('CSC','563','Multithreaded Distributed Programming', 'C', 'Core', 'Computer Science, M.S. - Cybersecurity'),
			('CSC','565','Computer Networks', 'C', 'Core', 'Computer Science, M.S. - Cybersecurity'),
			('CSC','555','Principles of Information Security', 'C', 'Concentration', 'Computer Science, M.S. - Cybersecurity'),
			('CSC','558', 'Network Security', 'C', 'Concentration', 'Computer Science, M.S. - Cybersecurity'),
			('CSC','568', 'Ethical Hacking and Penetration Testing', 'C', 'Concentration', 'Computer Science, M.S. - Cybersecurity'),
			('CSC','558', 'Secure Systems', 'C', 'Concentration', 'Computer Science, M.S. - Cybersecurity'),
			('CSC','578', 'Secure Systems', 'C', 'Capstone', 'Computer Science, M.S. - Cybersecurity'),
			('CSC','590', 'Master Thesis', 'C', 'Capstone', 'Computer Science, M.S. - Cybersecurity'),
			('CSC','591', 'Master Thesis', 'C', 'Capstone', 'Computer Science, M.S. - Cybersecurity'),
			('CSC','590', 'Special Project', 'C', 'Capstone', 'Computer Science, M.S. - Cybersecurity'),
			('CSC','595', 'Special Project', 'C', 'Capstone', 'Computer Science, M.S. - Cybersecurity'),
			# Stage breadth requirements
			('CSC','501', 'Programming for Data Science', 'C', 'Capstone', 'Breadth'),
			('CSC','541', 'Image Processing', 'C', 'Capstone', 'Breadth'),
			('CSC','545', 'Advanced Database Systems', 'C', 'Capstone', 'Breadth'),
			('CSC','576', 'Data Mining', 'C', 'Capstone', 'Breadth'),
			# Stage Program Requirements: Computer Science, M.S. - Software Development
			('CSC','540','Database System', 'C', 'Core', 'Computer Science, M.S. - Software Development'),
			('CSC','543','Web Programming', 'C', 'Core', 'Computer Science, M.S. - Software Development'),
			('CSC','563','Multithreaded Distributed Programming', 'C', 'Core', 'Computer Science, M.S. - Software Development'),
			('CSC','565','Computer Networks', 'C', 'Core', 'Computer Science, M.S. - Software Development'),
			('CSC','535','Software Engineering', 'C', 'Concentration', 'Computer Science, M.S. - Software Development'),
			('CSC','545', 'Advanced Database Systems', 'C', 'Concentration', 'Computer Science, M.S. - Software Development'),
			('CSC','550', 'Fundamentals of Mobile Application Development', 'C', 'Concentration', 'Computer Science, M.S. - Software Development'),
			('CSC','560', 'Software Quality', 'C', 'Concentration', 'Computer Science, M.S. - Software Development'),
			('CSC','590', 'Master Thesis', 'C', 'Capstone', 'Computer Science, M.S. - Software Development'),
			('CSC','591', 'Master Thesis', 'C', 'Capstone', 'Computer Science, M.S. - Software Development'),
			('CSC','590', 'Special Project', 'C', 'Capstone', 'Computer Science, M.S. - Software Development'),
			('CSC','595', 'Special Project', 'C', 'Capstone', 'Computer Science, M.S. - Software Development'),
			# Stage Program Requirements: Computer Science, B.S. - General
			('CSC','152','CS1: Programming Fundamentals', 'C', 'Core', 'Computer Science, B.S. - General'),
			('CSC','207','Computer Systems', NULL, 'Core', 'Computer Science, B.S. - General'),
			('CSC','212','CS2: Data Structures', 'C', 'Core', 'Computer Science, B.S. - General'),
			('CSC','229','Object-Oriented Programming', 'C', 'Core', 'Computer Science, B.S. - General'),
			('CSC','235','Web and Database Development', NULL, 'Core', 'Computer Science, B.S. - General'),
			('CSC','265','Computer Networking and Security I', NULL, 'Core', 'Computer Science, B.S. - General'),
			('CSC','324','Computer Ethics', NULL, 'Core', 'Computer Science, B.S. - General'),
			('CSC','330','Software Design and Development', NULL, 'Core', 'Computer Science, B.S. - General'),
			('CSC','400','Computer Science Project Seminar (T3)*', NULL, 'Core', 'Computer Science, B.S. - General'),
			('CSC','421','Theory of Programming Language', NULL, 'Core', 'Computer Science, B.S. - General'),
			('CSC','463','Distributed and Parallel Computing', NULL, 'Core', 'Computer Science, B.S. - General'),
			('CSC','305','Computer Organization', NULL, 'Concentration', 'Computer Science, B.S. - General'),
			('CSC','321','Algorithm Design and Analysis', NULL, 'Concentration', 'Computer Science, B.S. - General'),
			('CSC','425','Operating Systems', NULL, 'Concentration', 'Computer Science, B.S. - General'),
			('CSC','334','Human-Computer Interaction', NULL, 'Concentration', 'Computer Science, B.S. - General'),
			('CSC','335','Database Systems', NULL, 'Concentration', 'Computer Science, B.S. - General'),
			('CSC','341','Digital Imaging', NULL, 'Concentration', 'Computer Science, B.S. - General'),
			('CSC','398','Special Topics', NULL, 'Concentration', 'Computer Science, B.S. - General'),
			('CSC','431','Computer Graphics', NULL, 'Concentration', 'Computer Science, B.S. - General'),
			('CSC','443','Internet Programming', NULL, 'Concentration', 'Computer Science, B.S. - General'),
			('CSC','451','Fundamentals of Deep Learning', NULL, 'Concentration', 'Computer Science, B.S. - General'),
			('CSC','453','Information Security', NULL, 'Concentration', 'Computer Science, B.S. - General'),
			('CSC','465','Computer Networking and Security II', NULL, 'Concentration', 'Computer Science, B.S. - General'),
			('CSC','476','Fundamentals of Data Warehousing', NULL, 'Concentration', 'Computer Science, B.S. - General'),
			('CSC','477','Data Mining', NULL, 'Concentration', 'Computer Science, B.S. - General'),
			('CSC','481','Artificial Intelligence', NULL, 'Concentration', 'Computer Science, B.S. - General'),
			('CSC','497','Computer Science Internship', NULL, 'Concentration', 'Computer Science, B.S. - General'),
			('MAT','150','Calculus I (T1QR)*', NULL,'Cognate', 'Computer Science, B.S. - General'),
			('MAT','151','Calculus II', NULL,'Cognate', 'Computer Science, B.S. - General'),
			('MAT','178','Elementary Discrete Mathematics', NULL,'Cognate', 'Computer Science, B.S. - General'),
			('MAT','221','Intermediate Applied Statistics', NULL, 'Cognate', 'Computer Science, B.S. - General'),
			('BIO','100','General Zoology', NULL,'Cognate', 'Computer Science, B.S. - General'),
			('BIO','101','General Botany', NULL,'Cognate', 'Computer Science, B.S. - General'),
			('BIO','103','Biology I', NULL,'Cognate', 'Computer Science, B.S. - General'),
			('BIO','120','Microbiology', NULL,'Cognate', 'Computer Science, B.S. - General'),
			('BIO','200','Human Biology I', NULL,'Cognate', 'Computer Science, B.S. - General'),
			('BIO','201','Human Biology II', NULL,'Cognate', 'Computer Science, B.S. - General'),
			('ESC','201','Historical Geology', NULL,'Cognate', 'Computer Science, B.S. - General'),
			('CHE','120','General Chemistry I', NULL,'Cognate', 'Computer Science, B.S. - General'),
			('ESC','200','Physical Geology', NULL,'Cognate', 'Computer Science, B.S. - General'),
			('PHY','200','General Physics I', NULL,'Cognate', 'Computer Science, B.S. - General'),
			('PHY','230','Physics for Scientists and Engineers I', NULL,'Cognate', 'Computer Science, B.S. - General'),
			('BIO','102','Biology', NULL,'Cognate', 'Computer Science, B.S. - General'),
			('CHE','121','General Chemistry II', NULL,'Cognate', 'Computer Science, B.S. - General'),
			('ESC','210','Principles of Astronomy', NULL,'Cognate', 'Computer Science, B.S. - General'),
			('MAT','252','Calculus III', NULL,'Cognate', 'Computer Science, B.S. - General'),
			('MAT','322','Numerical Analysis I', NULL,'Cognate', 'Computer Science, B.S. - General'),
			('MAT','372','Linear Algebra', NULL,'Cognate', 'Computer Science, B.S. - General'),
			('PHY','201','General Physics II', NULL,'Cognate', 'Computer Science, B.S. - General'),
			('PHY','231','Physics for Scientists and Engineers II', NULL,'Cognate', 'Computer Science, B.S. - General'),
			# Stage Program Requirements: Computer Science, B.S. - Information Systems
			('CSC','152','CS1: Programming Fundamentals', 'C', 'Core', 'Computer Science, B.S. - Information Systems'),
			('CSC','207','Computer Systems', NULL, 'Core', 'Computer Science, B.S. - Information Systems'),
			('CSC','212','CS2: Data Structures', 'C', 'Core', 'Computer Science, B.S. - Information Systems'),
			('CSC','229','Object-Oriented Programming', 'C', 'Core', 'Computer Science, B.S. - Information Systems'),
			('CSC','235','Web and Database Development', NULL, 'Core', 'Computer Science, B.S. - Information Systems'),
			('CSC','265','Computer Networking and Security I', NULL, 'Core', 'Computer Science, B.S. - Information Systems'),
			('CSC','324','Computer Ethics', NULL, 'Core', 'Computer Science, B.S. - Information Systems'),
			('CSC','330','Software Design and Development', NULL, 'Core', 'Computer Science, B.S. - Information Systems'),
			('CSC','400','Computer Science Project Seminar (T3)*', NULL, 'Core', 'Computer Science, B.S. - Information Systems'),
			('CSC','424','System Administration', NULL,'Concentration', 'Computer Science, B.S. - Information Systems'),
			('CSC','310','Multimedia Systems', NULL,'Concentration', 'Computer Science, B.S. - Information Systems'),
			('CSC','334','Human Computer Interaction', NULL,'Concentration', 'Computer Science, B.S. - Information Systems'),
			('CSC','335','Database System', NULL,'Concentration', 'Computer Science, B.S. - Information Systems'),
			('CSC','341','Digital Imaging', NULL,'Concentration', 'Computer Science, B.S. - Information Systems'),
			('CSC','398','Special Topics', NULL,'Concentration', 'Computer Science, B.S. - Information Systems'),
			('CSC','431','Computer Graphics', NULL,'Concentration', 'Computer Science, B.S. - Information Systems'),
			('CSC','443','Internet Programming', NULL,'Concentration', 'Computer Science, B.S. - Information Systems'),
			('CSC','451','Fundamentals of Deep Learning', NULL,'Concentration', 'Computer Science, B.S. - Information Systems'),
			('CSC','453','Information Security', NULL,'Concentration', 'Computer Science, B.S. - Information Systems'),
			('CSC','465','Computer Networking and Security II', NULL,'Concentration', 'Computer Science, B.S. - Information Systems'),
			('CSC','476','Fundamentals of Data Warehousing', NULL,'Concentration', 'Computer Science, B.S. - Information Systems'),
			('CSC','477','Data Mining', NULL,'Concentration', 'Computer Science, B.S. - Information Systems'),
			('CSC','481','Artificial Intelligence', NULL,'Concentration', 'Computer Science, B.S. - Information Systems'),
			('CSC','497','Computer Science Internship', NULL,'Concentration', 'Computer Science, B.S. - Information Systems'),
			('BIS','370','Business Information Systems', NULL,'Cognate', 'Computer Science, B.S. - Information Systems'),
			('MAT','139','Short Course in Calculus', NULL,'Cognate', 'Computer Science, B.S. - Information Systems'),
			('MAT','178','Elementary Discrete Mathematics', NULL,'Cognate', 'Computer Science, B.S. - Information Systems'),
			('MAT','221','Intermediate Applied Statistics', NULL,'Cognate', 'Computer Science, B.S. - Information Systems'),
			('MAT','120','College Algebra', NULL,'Cognate', 'Computer Science, B.S. - Information Systems'),
			('MAT','122','Precalculus', NULL,'Cognate', 'Computer Science, B.S. - Information Systems'),
			('MAT','124','Finite Mathematics', NULL,'Cognate', 'Computer Science, B.S. - Information Systems'),
			('ACC','200','Principles of Financial Accounting', NULL,'Cognate', 'Computer Science, B.S. - Information Systems'),
			('ACC','210','Managerial Accounting', NULL,'Cognate', 'Computer Science, B.S. - Information Systems'),
			('BIS','305','Systems Thinking for BIS', NULL,'Cognate', 'Computer Science, B.S. - Information Systems'),
			('BIS','371','Information System Analysis and Design Techniques', NULL,'Cognate', 'Computer Science, B.S. - Information Systems'),
			('BIS','375','Decision Support Systems', NULL,'Cognate', 'Computer Science, B.S. - Information Systems'),
			('BIS','380','Cloud Computing for Business', NULL,'Cognate', 'Computer Science, B.S. - Information Systems'),
			('BIS','400','Global Information Systems', NULL,'Cognate', 'Computer Science, B.S. - Information Systems'),
			('BIS','410','AI for Business Systems', NULL,'Cognate', 'Computer Science, B.S. - Information Systems'),
			('BIS','430','Project Management', NULL,'Cognate', 'Computer Science, B.S. - Information Systems'),
			('BIS','460','BIS Security Management', NULL,'Cognate', 'Computer Science, B.S. - Information Systems'),
			('BIS','470','Management of Information Systems Design', NULL,'Cognate', 'Computer Science, B.S. - Information Systems'),
			('ENG','304','Technical Writing and Communication', NULL,'Cognate', 'Computer Science, B.S. - Information Systems');

# Stage Semesters
 INSERT INTO semester (semesterID, term, year) 
	VALUES	(0, 'Winter', '2022'), 
			(1, 'Spring', '2022'), 
			(2, 'Summer', '2022'), 
			(3, 'Fall', '2022');


            
INSERT INTO course (courseID, subj, courseNum, title, credits)
	VALUES  (0, 'CSC', '101', 'Intro to Computers & Applic', '3'),
			(1, 'CSC', '104', 'Web Technology', '3'),
			(2, 'CSC', '152', 'CS1: Programming Fundamentals', '3'),
			(3, 'CSC', '200', 'Info Mgmt/ProductivitySoftware', '3'),
			(4, 'CSC', '207', 'Computer Systems', '4'),
			(5, 'CSC', '212', 'CS 2: Data Structures', '3'),
			(6, 'CSC', '229', 'Object-Oriented Programming', '3'),
			(7, 'CSC', '235', 'Web and Database Development', '3'),
			(8, 'CSC', '265', 'Computer Networking & Sec. I', '3'),
			(9, 'CSC', '305', 'Computer Organization', '3'),
			(10, 'CSC', '321', 'Algorithm Design & Analysis', '3'),
			(11, 'CSC', '324', '*Computer Ethics', '3'),
			(12, 'CSC', '330', 'Software Design & Development', '3'),
			(13, 'CSC', '334', 'Human Computer Interaction', '3'),
			(14, 'CSC', '335', 'Database Systems', '3'),
			(15, 'CSC', '400', '*Computer Science Project Sem', '3'),
			(16, 'CSC', '424', 'System Administration', '3'),
			(17, 'CSC', '425', 'Operating Systems', '3'),
			(18, 'CSC', '443', 'Internet Programming', '3'),
			(19, 'CSC', '451', 'Fundamentals of Deep Learning', '3'),
			(20, 'CSC', '453', 'Information Security', '3'),
			(21, 'CSC', '463', 'Distrib. & Parallel Computing', '3'),
			(22, 'CSC', '481', 'Artificial Intelligence', '3'),
			(23, 'CSC', '501', 'Programming for Data Science', '3'),
			(24, 'CSC', '541', 'Image Processing', '3'),
			(25, 'CSC', '543', 'Web Programming', '3'),
			(26, 'CSC', '545', 'Advanced Database Systems', '3'),
			(27, 'CSC', '565', 'Computer Networks', '3'),
			(28, 'CSC', '576', 'Data Mining', '3'),
			(29, 'CSC', '578', 'Secure Systems', '3'),
			(30, 'CSC', '590', 'Proposal Development', '3'),
			(31, 'CSC', '591', 'Thesis Completion', '3');

INSERT INTO instructor (instructorID, instructorName)
	VALUES 	(0, 'Alaa F. Sheta'),
			(1, 'Amal A. Abdel Raouf'),
			(2, 'Andrew John Meislitzer'),
			(3, 'Angela C. Scipio'),
			(4, 'Ataollah Elahi'),
			(5, 'Chang Suk Kim'),
			(6, 'Hao Wu'),
			(7, 'Heidi L. Lockwood'),
			(8, 'Hrvoje Podnar'),
			(9, 'Imad N. Antonios'),
			(10, 'John O. Young'),
			(11, 'John S. DaPonte'),
			(12, 'Joseph A. Goralski'),
			(13, 'Joseph M. Brignola'),
			(14, 'Joshua Adam Randall'),
			(15, 'Lisa B. Lancor'),
			(16, 'MD S. Hossain'),
			(17, 'Michael Clark'),
			(18, 'Mohammad Tariqul Islam'),
			(19, 'Peter B. Boppert'),
			(20, 'Richard A. Dawson'),
			(21, 'Richard Volkman'),
			(22, 'Sahar Al Seesi'),
			(23, 'Taraneh BaradaranSeyed'),
			(24, 'TBA Staff'),
			(25, 'William James Baxter'),
			(26, 'Winnie Yun-Wen Yu Ng');

INSERT INTO days (dayID, dayOne, dayTwo, dayThree)
	VALUES	(0, 'M', '', ''),
			(1, 'T', '', ''),
			(2, 'W', '', ''),
			(3, 'R', '', ''),
			(4, 'M', 'W', ''),
			(5, 'T', 'R', ''),
			(6, 'M', 'W', 'F'),
			(999, '', '', '');

INSERT INTO class_time (timeID, startTime, endTime)
	VALUES	(0, '8:10:00', '9:25:00'),
			(1, '9:10:00', '10:00:00'),
			(2, '9:35:00', '10:50:00'),
			(3, '10:10:00', '11:00:00'),
			(4, '11:00:00', '12:15:00'),
			(5, '11:10:00', '12:00:00'),
			(6, '12:25:00', '13:40:00'),
			(7, '13:50:00', '15:05:00'),
			(8, '14:00:00', '15:15:00'),
			(9, '15:25:00', '16:40:00'),
			(10, '15:25:00', '17:15:00'),
			(11, '16:50:00', '18:05:00'),
			(12, '17:00:00', '18:50:00'),
			(13, '17:00:00', '19:30:00'),
			(14, '18:15:00', '19:30:00'),		
			(15, '19:40:00', '20:55:00'),
			(16, '19:40:00', '22:10:00'),
			(17, 'No Scheduled Times', ''),
			(999, '', '');

INSERT INTO time_blocks (timeOfDay, startTime, endTime)
	VALUES	(0, '8:00:00', '12:00:00'),
			(1, '12:00:00', '17:00:00'),
			(2, '17:00:00', '23:00:00'),
            (3, '8:00:00', '17:00:00'),
            (4, '12:00:00', '23:00:00');

INSERT INTO location (locationID, classLocation)
	VALUES	(0, 'EN B210'),
			(1, 'JE 139A'),
			(2, 'JE 139B'),
			(3, 'MO 113'),
			(4, 'MO 13'),
			(5, 'MO 8'),
			(6, 'ONLINE ASYN'),
			(7, 'ONLINE SYNC'),
			(8, 'SCI 214'),
			(9, 'TBA'),
			(999, '');
            
INSERT INTO courses_offered (crn, courseID, instructorID, dayID, dayIdHybrid, timeID, timeIdHybrid, locationID, locationIdHybrid, remaining, semesterID)
	VALUES 	(40000, 1, 10, 999, 999, 17, 999, 6, 999, 0, 0), 
			(40001, 2, 26, 1, 3, 7, 7, 1, 7, 1, 0),
			(40002, 3, 13, 5, 999, 0, 999, 7, 999, 12, 0), 
			(40003, 4, 14, 1, 3, 12, 13, 2, 7, 0, 0), 
			(40919, 0, 2, 1, 999, 13, 999, 5, 999, 0, 1), 
			(40921, 1, 10, 999, 999, 17, 999, 6, 999, 0, 1), 
			(40922, 1, 10, 999, 999, 17, 999, 6, 999, 5, 1), 
			(40925, 2, 26, 1, 3, 7, 7, 1, 7, 1, 1), 
			(40926, 2, 5, 6, 999, 3, 999, 5, 999, 6, 1), 
			(40927, 2, 5, 6, 999, 5, 999, 5, 999, 8, 1), 
			(40928, 2, 15, 4, 999, 9, 999, 3, 999, 2, 1), 
			(40929, 3, 13, 5, 999, 0, 999, 7, 999, 12, 1), 
			(40930, 3, 13, 5, 999, 2, 999, 7, 999, 1, 1), 
			(40931, 3, 19, 6, 999, 1, 999, 4, 999, 9, 1), 
			(40933, 3, 11, 4, 999, 8, 999, 5, 999, 5, 1), 
			(40934, 3, 11, 4, 999, 9, 999, 5, 999, 10, 1), 
			(40935, 3, 25, 0, 2, 11, 11, 4, 7, 16, 1), 
			(40937, 3, 3, 5, 999, 14, 999, 7, 999, 13, 1), 
			(40938, 3, 12, 1, 999, 9, 999, 7, 999, 10, 1), 
			(40941, 3, 23, 1, 999, 6, 999, 7, 999, 10, 1), 
			(40942, 3, 23, 3, 999, 6, 999, 7, 999, 11, 1), 
			(40944, 4, 14, 1, 3, 12, 13, 2, 7, 0, 1), 
			(40945, 4, 0, 5, 2, 7, 10, 7, 2, 0, 1), 
			(40946, 5, 26, 1, 3, 6, 6, 1, 7, 0, 1), 
			(40947, 5, 1, 5, 999, 7, 999, 5, 999, 0, 1), 
			(40948, 5, 26, 1, 3, 11, 11, 1, 7, 0, 1), 
			(40949, 6, 1, 5, 999, 4, 999, 5, 999, 3, 1), 
			(40950, 6, 1, 1, 3, 14, 14, 4, 7, 10, 1), 
			(41189, 7, 8, 5, 999, 2, 999, 1, 999, 5, 1), 
			(41190, 7, 24, 3, 999, 13, 999, 7, 999, 15, 1), 
			(41191, 8, 4, 5, 999, 6, 999, 2, 999, 0, 1), 
			(41192, 8, 4, 0, 999, 13, 999, 2, 999, 3, 1), 
			(41193, 9, 4, 4, 999, 8, 999, 3, 999, 0, 1), 
			(41194, 10, 16, 4, 999, 3, 999, 3, 999, 1, 1), 
			(41195, 11, 7, 5, 999, 6, 999, 7, 999, 7, 1), 
			(41196, 11, 21, 0, 999, 16, 999, 0, 999, 17, 1), 
			(41197, 12, 9, 4, 999, 9, 999, 7, 999, 0, 1), 
			(41198, 12, 9, 4, 999, 14, 999, 7, 999, 14, 1), 
			(41199, 13, 22, 5, 999, 7, 999, 3, 999, 3, 1), 
			(41200, 14, 18, 1, 3, 4, 4, 1, 7, 9, 1), 
			(41201, 15, 0, 3, 999, 13, 999, 7, 999, 17, 1), 
			(41202, 16, 6, 5, 999, 4, 999, 8, 999, 5, 1), 
			(41203, 17, 23, 2, 999, 13, 999, 7, 999, 3, 1), 
			(41204, 18, 17, 1, 999, 13, 999, 3, 999, 12, 1), 
			(41205, 19, 18, 5, 999, 9, 999, 7, 999, 0, 1), 
			(41206, 20, 20, 1, 999, 16, 999, 7, 999, 0, 1), 
			(41207, 21, 6, 5, 999, 6, 999, 8, 999, 10, 1), 
			(41208, 22, 16, 4, 999, 5, 999, 3, 999, 0, 1), 
			(42492, 23, 18, 4, 999, 15, 999, 7, 999, 19, 1), 
			(41210, 24, 0, 1, 999, 13, 999, 7, 999, 7, 1), 
			(41209, 25, 24, 2, 999, 16, 999, 7, 999, 17, 1), 
			(41211, 26, 16, 0, 999, 13, 999, 3, 999, 6, 1), 
			(41212, 27, 6, 3, 999, 13, 999, 2, 999, 17, 1), 
			(41213, 28, 22, 2, 999, 13, 999, 3, 999, 18, 1), 
			(41214, 29, 8, 3, 999, 16, 999, 7, 999, 16, 1), 
			(42491, 30, 22, 999, 999, 17, 999, 9, 999, 0, 1), 
			(42502, 31, 8, 999, 999, 17, 999, 9, 999, 0, 1);


